{
  "Total" : {
    "transaction" : "Total",
    "sampleCount" : 2500,
    "errorCount" : 0,
    "errorPct" : 0.0,
    "meanResTime" : 269.1867999999998,
    "medianResTime" : 190.0,
    "minResTime" : 5.0,
    "maxResTime" : 2155.0,
    "pct1ResTime" : 581.9000000000001,
    "pct2ResTime" : 725.8499999999995,
    "pct3ResTime" : 1093.8399999999965,
    "throughput" : 112.7599115962293,
    "receivedKBytesPerSec" : 75.78258902395021,
    "sentKBytesPerSec" : 28.212001319290966
  },
  "HTTP_PostRequest_Multiplication" : {
    "transaction" : "HTTP_PostRequest_Multiplication",
    "sampleCount" : 500,
    "errorCount" : 0,
    "errorPct" : 0.0,
    "meanResTime" : 263.722,
    "medianResTime" : 190.5,
    "minResTime" : 5.0,
    "maxResTime" : 1487.0,
    "pct1ResTime" : 565.7,
    "pct2ResTime" : 679.8,
    "pct3ResTime" : 1192.6100000000013,
    "throughput" : 23.078698361412414,
    "receivedKBytesPerSec" : 12.260558504500347,
    "sentKBytesPerSec" : 5.814750173090238
  },
  "HTTP_PostRequest_DivisionByZero" : {
    "transaction" : "HTTP_PostRequest_DivisionByZero",
    "sampleCount" : 500,
    "errorCount" : 0,
    "errorPct" : 0.0,
    "meanResTime" : 262.4959999999999,
    "medianResTime" : 181.0,
    "minResTime" : 6.0,
    "maxResTime" : 2024.0,
    "pct1ResTime" : 574.0,
    "pct2ResTime" : 710.75,
    "pct3ResTime" : 1162.1300000000008,
    "throughput" : 23.155652294725144,
    "receivedKBytesPerSec" : 28.28879005927847,
    "sentKBytesPerSec" : 5.721074248599083
  },
  "HTTP_PostRequest_Addition" : {
    "transaction" : "HTTP_PostRequest_Addition",
    "sampleCount" : 500,
    "errorCount" : 0,
    "errorPct" : 0.0,
    "meanResTime" : 279.3599999999998,
    "medianResTime" : 178.0,
    "minResTime" : 7.0,
    "maxResTime" : 2155.0,
    "pct1ResTime" : 626.9000000000001,
    "pct2ResTime" : 795.95,
    "pct3ResTime" : 1164.5200000000004,
    "throughput" : 23.224487900041805,
    "receivedKBytesPerSec" : 12.33800919689721,
    "sentKBytesPerSec" : 5.7834418110455665
  },
  "HTTP_PostRequest_Division" : {
    "transaction" : "HTTP_PostRequest_Division",
    "sampleCount" : 500,
    "errorCount" : 0,
    "errorPct" : 0.0,
    "meanResTime" : 254.6779999999999,
    "medianResTime" : 182.0,
    "minResTime" : 7.0,
    "maxResTime" : 1816.0,
    "pct1ResTime" : 555.9000000000001,
    "pct2ResTime" : 691.0999999999998,
    "pct3ResTime" : 1052.3200000000006,
    "throughput" : 23.11711128577373,
    "receivedKBytesPerSec" : 12.59701962642748,
    "sentKBytesPerSec" : 5.779277821443432
  },
  "HTTP_PostRequest_Subtraction" : {
    "transaction" : "HTTP_PostRequest_Subtraction",
    "sampleCount" : 500,
    "errorCount" : 0,
    "errorPct" : 0.0,
    "meanResTime" : 285.67799999999994,
    "medianResTime" : 213.5,
    "minResTime" : 5.0,
    "maxResTime" : 2064.0,
    "pct1ResTime" : 572.9000000000001,
    "pct2ResTime" : 751.7999999999997,
    "pct3ResTime" : 1322.690000000002,
    "throughput" : 22.58661968649772,
    "receivedKBytesPerSec" : 11.999141708451912,
    "sentKBytesPerSec" : 5.712826658987216
  }
}