{
  "Total" : {
    "transaction" : "Total",
    "sampleCount" : 2500,
    "errorCount" : 0,
    "errorPct" : 0.0,
    "meanResTime" : 6.2112000000000025,
    "medianResTime" : 3.0,
    "minResTime" : 1.0,
    "maxResTime" : 208.0,
    "pct1ResTime" : 12.0,
    "pct2ResTime" : 18.0,
    "pct3ResTime" : 47.98999999999978,
    "throughput" : 257.28105382319643,
    "receivedKBytesPerSec" : 172.91095824328497,
    "sentKBytesPerSec" : 64.37051366162396
  },
  "HTTP_PostRequest_Multiplication" : {
    "transaction" : "HTTP_PostRequest_Multiplication",
    "sampleCount" : 500,
    "errorCount" : 0,
    "errorPct" : 0.0,
    "meanResTime" : 5.961999999999996,
    "medianResTime" : 3.0,
    "minResTime" : 1.0,
    "maxResTime" : 95.0,
    "pct1ResTime" : 12.0,
    "pct2ResTime" : 18.0,
    "pct3ResTime" : 46.930000000000064,
    "throughput" : 51.964248596965284,
    "receivedKBytesPerSec" : 27.60600706713781,
    "sentKBytesPerSec" : 13.09255482228227
  },
  "HTTP_PostRequest_DivisionByZero" : {
    "transaction" : "HTTP_PostRequest_DivisionByZero",
    "sampleCount" : 500,
    "errorCount" : 0,
    "errorPct" : 0.0,
    "meanResTime" : 6.368000000000003,
    "medianResTime" : 3.0,
    "minResTime" : 1.0,
    "maxResTime" : 208.0,
    "pct1ResTime" : 11.0,
    "pct2ResTime" : 17.0,
    "pct3ResTime" : 58.90000000000009,
    "throughput" : 52.0074890784273,
    "receivedKBytesPerSec" : 63.536493004992714,
    "sentKBytesPerSec" : 12.849506578947368
  },
  "HTTP_PostRequest_Addition" : {
    "transaction" : "HTTP_PostRequest_Addition",
    "sampleCount" : 500,
    "errorCount" : 0,
    "errorPct" : 0.0,
    "meanResTime" : 6.002000000000001,
    "medianResTime" : 3.0,
    "minResTime" : 1.0,
    "maxResTime" : 95.0,
    "pct1ResTime" : 11.0,
    "pct2ResTime" : 18.0,
    "pct3ResTime" : 51.92000000000007,
    "throughput" : 52.05080158234437,
    "receivedKBytesPerSec" : 27.651988340620445,
    "sentKBytesPerSec" : 12.961869534665833
  },
  "HTTP_PostRequest_Division" : {
    "transaction" : "HTTP_PostRequest_Division",
    "sampleCount" : 500,
    "errorCount" : 0,
    "errorPct" : 0.0,
    "meanResTime" : 5.815999999999995,
    "medianResTime" : 3.0,
    "minResTime" : 1.0,
    "maxResTime" : 56.0,
    "pct1ResTime" : 11.0,
    "pct2ResTime" : 20.0,
    "pct3ResTime" : 41.99000000000001,
    "throughput" : 51.991265467401476,
    "receivedKBytesPerSec" : 28.331177862119162,
    "sentKBytesPerSec" : 12.997816366850367
  },
  "HTTP_PostRequest_Subtraction" : {
    "transaction" : "HTTP_PostRequest_Subtraction",
    "sampleCount" : 500,
    "errorCount" : 0,
    "errorPct" : 0.0,
    "meanResTime" : 6.908000000000001,
    "medianResTime" : 3.0,
    "minResTime" : 1.0,
    "maxResTime" : 87.0,
    "pct1ResTime" : 16.0,
    "pct2ResTime" : 20.0,
    "pct3ResTime" : 52.950000000000045,
    "throughput" : 51.498609537542485,
    "receivedKBytesPerSec" : 27.358636316819446,
    "sentKBytesPerSec" : 13.02552721701514
  }
}