{
  "Total" : {
    "transaction" : "Total",
    "sampleCount" : 2500,
    "errorCount" : 0,
    "errorPct" : 0.0,
    "meanResTime" : 121.10119999999996,
    "medianResTime" : 94.0,
    "minResTime" : 4.0,
    "maxResTime" : 1073.0,
    "pct1ResTime" : 250.0,
    "pct2ResTime" : 313.9499999999998,
    "pct3ResTime" : 604.8499999999967,
    "throughput" : 205.1197899573351,
    "receivedKBytesPerSec" : 137.85492133656055,
    "sentKBytesPerSec" : 51.32000994830981
  },
  "HTTP_PostRequest_Multiplication" : {
    "transaction" : "HTTP_PostRequest_Multiplication",
    "sampleCount" : 500,
    "errorCount" : 0,
    "errorPct" : 0.0,
    "meanResTime" : 117.61600000000006,
    "medianResTime" : 90.0,
    "minResTime" : 5.0,
    "maxResTime" : 905.0,
    "pct1ResTime" : 240.90000000000003,
    "pct2ResTime" : 301.95,
    "pct3ResTime" : 539.5000000000005,
    "throughput" : 41.8165091578155,
    "receivedKBytesPerSec" : 22.215020490089486,
    "sentKBytesPerSec" : 10.535800158902735
  },
  "HTTP_PostRequest_DivisionByZero" : {
    "transaction" : "HTTP_PostRequest_DivisionByZero",
    "sampleCount" : 500,
    "errorCount" : 0,
    "errorPct" : 0.0,
    "meanResTime" : 111.35400000000001,
    "medianResTime" : 92.5,
    "minResTime" : 5.0,
    "maxResTime" : 747.0,
    "pct1ResTime" : 227.90000000000003,
    "pct2ResTime" : 284.79999999999995,
    "pct3ResTime" : 611.880000000001,
    "throughput" : 41.942790034393084,
    "receivedKBytesPerSec" : 51.24065462209546,
    "sentKBytesPerSec" : 10.362818240919387
  },
  "HTTP_PostRequest_Addition" : {
    "transaction" : "HTTP_PostRequest_Addition",
    "sampleCount" : 500,
    "errorCount" : 0,
    "errorPct" : 0.0,
    "meanResTime" : 112.88399999999992,
    "medianResTime" : 88.0,
    "minResTime" : 6.0,
    "maxResTime" : 735.0,
    "pct1ResTime" : 234.80000000000007,
    "pct2ResTime" : 302.95,
    "pct3ResTime" : 540.7000000000003,
    "throughput" : 42.055681722600724,
    "receivedKBytesPerSec" : 22.342080915131636,
    "sentKBytesPerSec" : 10.472850428967954
  },
  "HTTP_PostRequest_Division" : {
    "transaction" : "HTTP_PostRequest_Division",
    "sampleCount" : 500,
    "errorCount" : 0,
    "errorPct" : 0.0,
    "meanResTime" : 124.95199999999987,
    "medianResTime" : 96.0,
    "minResTime" : 6.0,
    "maxResTime" : 666.0,
    "pct1ResTime" : 257.90000000000003,
    "pct2ResTime" : 343.79999999999995,
    "pct3ResTime" : 604.6200000000003,
    "throughput" : 41.83400267737617,
    "receivedKBytesPerSec" : 22.796263177710845,
    "sentKBytesPerSec" : 10.458500669344042
  },
  "HTTP_PostRequest_Subtraction" : {
    "transaction" : "HTTP_PostRequest_Subtraction",
    "sampleCount" : 500,
    "errorCount" : 0,
    "errorPct" : 0.0,
    "meanResTime" : 138.7000000000001,
    "medianResTime" : 107.5,
    "minResTime" : 4.0,
    "maxResTime" : 1073.0,
    "pct1ResTime" : 275.80000000000007,
    "pct2ResTime" : 340.69999999999993,
    "pct3ResTime" : 719.5100000000004,
    "throughput" : 41.15903852486006,
    "receivedKBytesPerSec" : 21.865739216331907,
    "sentKBytesPerSec" : 10.410342751893316
  }
}