{
  "Total" : {
    "transaction" : "Total",
    "sampleCount" : 2500,
    "errorCount" : 0,
    "errorPct" : 0.0,
    "meanResTime" : 230.98479999999995,
    "medianResTime" : 196.0,
    "minResTime" : 6.0,
    "maxResTime" : 1565.0,
    "pct1ResTime" : 446.9000000000001,
    "pct2ResTime" : 558.7999999999993,
    "pct3ResTime" : 787.9599999999991,
    "throughput" : 136.41820364509442,
    "receivedKBytesPerSec" : 91.68262475444723,
    "sentKBytesPerSec" : 34.131195091673035
  },
  "HTTP_PostRequest_Multiplication" : {
    "transaction" : "HTTP_PostRequest_Multiplication",
    "sampleCount" : 500,
    "errorCount" : 0,
    "errorPct" : 0.0,
    "meanResTime" : 222.4220000000001,
    "medianResTime" : 193.0,
    "minResTime" : 6.0,
    "maxResTime" : 1115.0,
    "pct1ResTime" : 430.90000000000003,
    "pct2ResTime" : 520.8499999999999,
    "pct3ResTime" : 690.8200000000002,
    "throughput" : 28.988868274582558,
    "receivedKBytesPerSec" : 15.400336270871984,
    "sentKBytesPerSec" : 7.303835951994434
  },
  "HTTP_PostRequest_DivisionByZero" : {
    "transaction" : "HTTP_PostRequest_DivisionByZero",
    "sampleCount" : 500,
    "errorCount" : 0,
    "errorPct" : 0.0,
    "meanResTime" : 228.8679999999999,
    "medianResTime" : 196.5,
    "minResTime" : 10.0,
    "maxResTime" : 1565.0,
    "pct1ResTime" : 441.0,
    "pct2ResTime" : 538.4499999999998,
    "pct3ResTime" : 783.9100000000001,
    "throughput" : 29.020836960937952,
    "receivedKBytesPerSec" : 35.45416702942713,
    "sentKBytesPerSec" : 7.1701872569504905
  },
  "HTTP_PostRequest_Addition" : {
    "transaction" : "HTTP_PostRequest_Addition",
    "sampleCount" : 500,
    "errorCount" : 0,
    "errorPct" : 0.0,
    "meanResTime" : 225.23599999999993,
    "medianResTime" : 190.0,
    "minResTime" : 10.0,
    "maxResTime" : 1545.0,
    "pct1ResTime" : 458.9000000000004,
    "pct2ResTime" : 562.8499999999999,
    "pct3ResTime" : 842.5600000000004,
    "throughput" : 29.181743901015526,
    "receivedKBytesPerSec" : 15.502801447414496,
    "sentKBytesPerSec" : 7.266938178475545
  },
  "HTTP_PostRequest_Division" : {
    "transaction" : "HTTP_PostRequest_Division",
    "sampleCount" : 500,
    "errorCount" : 0,
    "errorPct" : 0.0,
    "meanResTime" : 230.51200000000014,
    "medianResTime" : 192.5,
    "minResTime" : 7.0,
    "maxResTime" : 1013.0,
    "pct1ResTime" : 466.4000000000002,
    "pct2ResTime" : 567.95,
    "pct3ResTime" : 758.6900000000003,
    "throughput" : 28.995592669914174,
    "receivedKBytesPerSec" : 15.800332724425887,
    "sentKBytesPerSec" : 7.2488981674785435
  },
  "HTTP_PostRequest_Subtraction" : {
    "transaction" : "HTTP_PostRequest_Subtraction",
    "sampleCount" : 500,
    "errorCount" : 0,
    "errorPct" : 0.0,
    "meanResTime" : 247.88600000000025,
    "medianResTime" : 204.5,
    "minResTime" : 8.0,
    "maxResTime" : 1135.0,
    "pct1ResTime" : 477.2000000000003,
    "pct2ResTime" : 613.8499999999999,
    "pct3ResTime" : 1019.95,
    "throughput" : 27.389756231169542,
    "receivedKBytesPerSec" : 14.550807997808821,
    "sentKBytesPerSec" : 6.927682484250891
  }
}